URL,Primary intent,Cluster,Funnel,Geography
"/","pharmaceutical consulting MENA","brand","commercial","MENA"
"/about/","PHARPRO pharmaceutical consulting company","brand","trust","MENA"
"/about/mohammad-awawdeh/","Mohammad Awawdeh pharmaceutical consultant","brand","trust","MENA"
"/services/csv/","pharmaceutical CSV validation services","csv","commercial","MENA"
"/services/qa/","pharmaceutical QA consulting","qa","commercial","MENA"
"/services/cqv/","pharmaceutical CQV and thermal mapping","cqv","commercial","MENA"
"/services/training/","pharmaceutical GMP training","training","commercial","MENA"
"/services/dvs/","pharmaceutical validation software","dvs","commercial","Global"
"/geo/jordan/","pharmaceutical consulting jordan","local","commercial","JORDAN"
"/geo/uae/","pharmaceutical consulting uae","local","commercial","UAE"
"/geo/ksa/","pharmaceutical consulting ksa","local","commercial","KSA"
"/geo/egypt/","pharmaceutical consulting egypt","local","commercial","EGYPT"
"/insights/21-cfr-part-11-audit-trail-requirements/","21 cfr part 11 audit trail requirements","csv","informational-to-commercial","Global"
"/insights/ai-validation-lifecycle-software-pharma/","ai validation lifecycle software pharma","dvs","informational-to-commercial","Global"
"/insights/capa-management-pharma-guide/","capa management pharma guide","qa","informational-to-commercial","Global"
"/insights/cleaning-validation-maco-acceptance-criteria/","cleaning validation maco acceptance criteria","cqv","informational-to-commercial","Global"
"/insights/csv-saas-cloud-pharma/","csv saas cloud pharma","csv","informational-to-commercial","Global"
"/insights/csv-training-rescheduled-september-2026/","csv training rescheduled september 2026","training","informational-to-commercial","Global"
"/insights/data-integrity-gmp-requirements/","GMP Data Integrity Requirements: What Pharmaceutical Sites Must Control","qa","informational-to-commercial","Global"
"/insights/data-integrity-pharmaceutical-manufacturing/","data integrity pharmaceutical manufacturing","csv","informational-to-commercial","Global"
"/insights/digitalization-digital-validation-software-pharma/","digitalization digital validation software pharma","dvs","informational-to-commercial","Global"
"/insights/eu-gmp-annex-11-compliance-checklist/","eu gmp annex 11 compliance checklist","csv","informational-to-commercial","Global"
"/insights/eu-gmp-annex-15-qualification-validation/","EU GMP Annex 15: Qualification and Validation Explained","cqv","informational-to-commercial","Global"
"/insights/fda-21-cfr-part-11-data-integrity/","fda 21 cfr part 11 data integrity","csv","informational-to-commercial","Global"
"/insights/fda-warning-letter-response/","fda warning letter response","qa","informational-to-commercial","Global"
"/insights/gamp5-risk-categories-explained/","gamp5 risk categories explained","csv","informational-to-commercial","Global"
"/insights/gamp5-second-edition-csv-changes/","gamp5 second edition csv changes","csv","informational-to-commercial","Global"
"/insights/gmp-gap-assessment-guide/","gmp gap assessment guide","qa","informational-to-commercial","Global"
"/insights/gmp-training-records-compliance/","gmp training records compliance","qa","informational-to-commercial","Global"
"/insights/gmp-training-september-2026/","gmp training september 2026","training","informational-to-commercial","Global"
"/insights/how-to-write-urs-computerised-system/","how to write urs computerised system","csv","informational-to-commercial","Global"
"/insights/hvac-validation-pharmaceutical/","Pharmaceutical HVAC Validation and Cleanroom Qualification","cqv","informational-to-commercial","Global"
"/insights/iq-oq-pq-guide/","iq oq pq guide","cqv","informational-to-commercial","Global"
"/insights/pharmaceutical-inspection-readiness/","pharmaceutical inspection readiness","qa","informational-to-commercial","Global"
"/insights/pharmaceutical-validation-software/","pharmaceutical validation software","dvs","informational-to-commercial","Global"
"/insights/pharpro-dvs-demo-booking/","pharpro dvs demo booking","dvs","informational-to-commercial","Global"
"/insights/risk-assessment-computerised-systems/","risk assessment computerised systems","csv","informational-to-commercial","Global"
"/insights/software-csv-gap-assessment/","software csv gap assessment","csv","informational-to-commercial","Global"
"/insights/supplier-qualification-gmp/","supplier qualification gmp","qa","informational-to-commercial","Global"
"/insights/thermal-mapping-cold-room-guide/","Cold Room Thermal Mapping for Pharmaceuticals: A Practical Guide","cqv","informational-to-commercial","Global"
"/insights/thermal-mapping-pharmaceutical-warehouses/","thermal mapping pharmaceutical warehouses","cqv","informational-to-commercial","Global"
"/insights/validation-master-plan-guide/","validation master plan guide","cqv","informational-to-commercial","Global"
